{"stats":{"minecraft:custom":{"minecraft:time_since_rest":27131,"minecraft:play_one_minute":27131,"minecraft:crouch_one_cm":355,"minecraft:sprint_one_cm":32664,"minecraft:damage_taken":150,"minecraft:walk_one_cm":49974,"minecraft:sneak_time":430,"minecraft:mob_kills":17,"minecraft:jump":161,"minecraft:damage_dealt":237,"minecraft:leave_game":8,"minecraft:time_since_death":27131,"minecraft:fly_one_cm":95871},"minecraft:killed":{"minecraft:husk":14,"minecraft:zombie":2,"minecraft:chicken":1},"minecraft:picked_up":{"minecraft:chicken":1,"minecraft:rotten_flesh":2},"minecraft:used":{"biomesoplenty:dried_salt":1,"minecraft:golden_apple":1,"minecraft:oak_sign":5,"carryon:entity_item":3,"minecraft:stone":26,"biomesoplenty:dead_log":5,"minecraft:sheep_spawn_egg":1}},"DataVersion":2586}