{"stats":{"minecraft:killed":{"minecraft:husk":14,"minecraft:zombie":2,"minecraft:chicken":1},"minecraft:picked_up":{"minecraft:chicken":1,"minecraft:rotten_flesh":7,"minecraft:warped_sign":2},"minecraft:used":{"biomesoplenty:dried_salt":2,"minecraft:golden_apple":1,"minecraft:oak_sign":7,"minecraft:chest":10,"minecraft:stone":26,"biomesoplenty:dead_log":6,"minecraft:warped_sign":11,"minecraft:sheep_spawn_egg":1},"minecraft:custom":{"minecraft:time_since_rest":43833,"minecraft:open_chest":19,"minecraft:crouch_one_cm":486,"minecraft:play_one_minute":43833,"minecraft:sprint_one_cm":52120,"minecraft:damage_taken":150,"minecraft:walk_one_cm":98124,"minecraft:sneak_time":643,"minecraft:mob_kills":17,"minecraft:jump":272,"minecraft:damage_dealt":603,"minecraft:leave_game":11,"minecraft:time_since_death":43833,"minecraft:fly_one_cm":126721}},"DataVersion":2586}